{
    "eng": {
        "a": 0.08474009694133378,
        "b": 0.018385425371887015,
        "c": 0.03409660705331773,
        "d": 0.03827511281965569,
        "e": 0.12719371552732742,
        "f": 0.024736754136720707,
        "g": 0.021059669062343307,
        "h": 0.05331773357847234,
        "i": 0.07604880494735082,
        "j": 0.001169981614574628,
        "k": 0.009359852916597024,
        "l": 0.040615076048804946,
        "m": 0.024903894367374228,
        "n": 0.06568611064683269,
        "o": 0.06969747618251713,
        "p": 0.01754972421861942,
        "q": 0.0006685609226140733,
        "r": 0.05515627611566104,
        "s": 0.059334781881999,
        "t": 0.10061841885341802,
        "u": 0.031422363362861444,
        "v": 0.006184188534180177,
        "w": 0.021226809292996824,
        "x": 0.0020056827678422194,
        "y": 0.016045462142737756,
        "z": 0.0005014206919605549
    },
    "rus": {
        "а": 0.08030254264563888,
        "б": 0.013196009011908594,
        "в": 0.05246218216929514,
        "г": 0.013517862890247827,
        "д": 0.03089797232056646,
        "е": 0.08690054715159318,
        "ж": 0.010460251046025104,
        "з": 0.018345671065336338,
        "и": 0.07064692629546186,
        "й": 0.007563566140971999,
        "к": 0.038783392339877695,
        "л": 0.047956227872545866,
        "м": 0.02993241068554876,
        "н": 0.0653363373028645,
        "о": 0.10669456066945607,
        "п": 0.02510460251046025,
        "р": 0.04441583521081429,
        "с": 0.0577727711618925,
        "т": 0.06163501770196331,
        "у": 0.02413904087544255,
        "ф": 0.0009655616350177019,
        "х": 0.0072417122626327645,
        "ц": 0.0032185387833923397,
        "ч": 0.019954940457032506,
        "ш": 0.008690054715159318,
        "щ": 0.003057611844222723,
        "ы": 0.020115867396202126,
        "ь": 0.020437721274541357,
        "э": 0.0033794657225619568,
        "ю": 0.006115223688445446,
        "я": 0.018667524943675573,
        "ё": 0.0020920502092050207
    }
}